EID,Status
2-s2.0-85079786193,success
2-s2.0-85085600049,success
2-s2.0-85071506977,success
2-s2.0-85079448864,success
2-s2.0-85078514009,empty
2-s2.0-85093980168,empty
2-s2.0-85071991973,success
2-s2.0-85098877351,empty
2-s2.0-85091628559,empty
2-s2.0-85128363362,success
2-s2.0-85082975751,empty
2-s2.0-85084414003,success
2-s2.0-85072704383,empty
2-s2.0-85097849494,empty
2-s2.0-85089365394,empty
2-s2.0-85086286553,empty
2-s2.0-85123861704,empty
2-s2.0-85099408752,empty
2-s2.0-85082509229,empty
2-s2.0-85105893351,success
2-s2.0-85083689492,empty
2-s2.0-85084300363,success
2-s2.0-85138457469,success
2-s2.0-85090949428,success
2-s2.0-85084531540,success
2-s2.0-85098757649,success
2-s2.0-85074855660,empty
2-s2.0-85082320426,empty
2-s2.0-85088175819,success
2-s2.0-85094114118,success
2-s2.0-85093934285,success
2-s2.0-85084613917,empty
2-s2.0-85081641815,success
2-s2.0-85104016668,empty
2-s2.0-85086310008,success
2-s2.0-85096359506,empty
2-s2.0-85087033400,empty
2-s2.0-85097259985,empty
2-s2.0-85092526596,empty
2-s2.0-85092468339,success
2-s2.0-85077940691,success
2-s2.0-85115187341,success
2-s2.0-85122836765,empty
2-s2.0-85106960716,success
2-s2.0-85087148576,success
2-s2.0-85094315513,success
2-s2.0-85131745333,success
2-s2.0-85110855981,empty
2-s2.0-85138200851,success
2-s2.0-85088024143,success
2-s2.0-85085313451,empty
2-s2.0-85091225689,empty
2-s2.0-85078153835,success
2-s2.0-85079022782,empty
2-s2.0-85083849812,empty
2-s2.0-85091594467,empty
2-s2.0-85084786871,empty
2-s2.0-85077493453,success
2-s2.0-85102661411,success
2-s2.0-85102964438,empty
2-s2.0-85128678328,empty
2-s2.0-85099658747,empty
2-s2.0-85078828835,success
2-s2.0-85130741631,empty
2-s2.0-85084693111,success
2-s2.0-85092899420,empty
2-s2.0-85098777224,success
2-s2.0-85097400724,empty
2-s2.0-85104250272,empty
2-s2.0-85095700061,empty
2-s2.0-85073281564,empty
2-s2.0-85088201406,success
2-s2.0-85099226271,success
2-s2.0-85075519755,empty
2-s2.0-85079607136,success
2-s2.0-85116524246,success
2-s2.0-85083002886,empty
2-s2.0-85099730561,empty
2-s2.0-85099664177,empty
2-s2.0-85094324334,success
2-s2.0-85085295377,success
2-s2.0-85089730557,empty
2-s2.0-85086717269,empty
2-s2.0-85102286415,empty
2-s2.0-85089684836,empty
2-s2.0-85081645498,success
2-s2.0-85082736453,success
2-s2.0-85089733299,empty
2-s2.0-85097941462,empty
2-s2.0-85087111197,empty
2-s2.0-85116537453,success
2-s2.0-85135461030,success
2-s2.0-85114093270,empty
2-s2.0-85064704140,empty
2-s2.0-85074681666,empty
2-s2.0-85093092199,empty
2-s2.0-85104940722,empty
2-s2.0-85112675653,empty
2-s2.0-85087210206,empty
2-s2.0-85078980714,empty
2-s2.0-85123073224,success
2-s2.0-85085093682,not_started
2-s2.0-85094901059,not_started
2-s2.0-85101168430,not_started
2-s2.0-85102846137,not_started
2-s2.0-85091524701,not_started
2-s2.0-85149958949,not_started
2-s2.0-85116889551,not_started
2-s2.0-85104047591,not_started
2-s2.0-85101397678,not_started
2-s2.0-85087291346,not_started
2-s2.0-85105216046,not_started
2-s2.0-85100419580,not_started
2-s2.0-85110184743,not_started
2-s2.0-85147608245,not_started
2-s2.0-85079908217,not_started
2-s2.0-85094565711,not_started
2-s2.0-85106902108,not_started
2-s2.0-85112710142,not_started
2-s2.0-85092620117,not_started
2-s2.0-85115021140,not_started
2-s2.0-85115862554,not_started
2-s2.0-85143510011,not_started
2-s2.0-85081248313,not_started
2-s2.0-85058075679,not_started
2-s2.0-85118269565,not_started
2-s2.0-85100703368,not_started
2-s2.0-85077701595,not_started
2-s2.0-85097620954,not_started
2-s2.0-85109403277,not_started
2-s2.0-85115704480,not_started
2-s2.0-85106483590,not_started
2-s2.0-85076104381,not_started
2-s2.0-85076676296,not_started
2-s2.0-85082860957,not_started
2-s2.0-85097332337,not_started
2-s2.0-85124727266,not_started
2-s2.0-85117799834,not_started
2-s2.0-85148900010,not_started
2-s2.0-85121423365,not_started
2-s2.0-85115217305,not_started
2-s2.0-85127000868,not_started
2-s2.0-85072699899,not_started
2-s2.0-85072822723,not_started
2-s2.0-85081124418,not_started
2-s2.0-85137049251,not_started
2-s2.0-85101087750,not_started
2-s2.0-85096636242,not_started
2-s2.0-85118503318,not_started
2-s2.0-85115072394,not_started
2-s2.0-85088959603,not_started
2-s2.0-85088201255,not_started
2-s2.0-85086360607,not_started
2-s2.0-85111644517,not_started
2-s2.0-85078339946,not_started
2-s2.0-85079457192,not_started
2-s2.0-85089150274,not_started
2-s2.0-85092706415,not_started
2-s2.0-85082887977,not_started
2-s2.0-85119601387,not_started
2-s2.0-85079790745,not_started
2-s2.0-85078252460,not_started
2-s2.0-85076572227,not_started
2-s2.0-85113667944,not_started
2-s2.0-85078896655,not_started
2-s2.0-85079032984,not_started
2-s2.0-85097368095,not_started
2-s2.0-85114697648,not_started
2-s2.0-85099758567,not_started
2-s2.0-85076543497,not_started
2-s2.0-85096784602,not_started
2-s2.0-85085657976,not_started
2-s2.0-85173966425,not_started
2-s2.0-85106306570,not_started
2-s2.0-85078520221,not_started
2-s2.0-85083317814,not_started
2-s2.0-85097016134,not_started
2-s2.0-85117437749,not_started
2-s2.0-85104751146,not_started
2-s2.0-85124429674,not_started
2-s2.0-85089147889,not_started
2-s2.0-85052552163,not_started
2-s2.0-85123793236,not_started
2-s2.0-85096238019,not_started
2-s2.0-85089667281,not_started
2-s2.0-85108114257,not_started
2-s2.0-85045982692,not_started
2-s2.0-85126653913,not_started
2-s2.0-85115423346,not_started
2-s2.0-85058173278,not_started
2-s2.0-85083546199,not_started
2-s2.0-85097496431,not_started
2-s2.0-85083975031,not_started
2-s2.0-85096675920,not_started
2-s2.0-85104597072,not_started
2-s2.0-85124521876,not_started
2-s2.0-85088666998,not_started
2-s2.0-85083419780,not_started
2-s2.0-85083862127,not_started
2-s2.0-85122280880,not_started
2-s2.0-85084806878,not_started
2-s2.0-85077084003,not_started
2-s2.0-85137897957,not_started
2-s2.0-85098746571,not_started
2-s2.0-85099781518,not_started
2-s2.0-85053111714,not_started
2-s2.0-85117436996,not_started
2-s2.0-85090934601,not_started
2-s2.0-85084372780,not_started
2-s2.0-85146481285,not_started
2-s2.0-85099870938,not_started
2-s2.0-85113694671,not_started
2-s2.0-85081701140,not_started
2-s2.0-85072805673,not_started
2-s2.0-85112600850,not_started
2-s2.0-85085328187,not_started
2-s2.0-85082029801,not_started
2-s2.0-85091215713,not_started
2-s2.0-85079552138,not_started
2-s2.0-85088554844,not_started
2-s2.0-85106604693,not_started
2-s2.0-85080853579,not_started
2-s2.0-85103987413,not_started
2-s2.0-85086599185,not_started
2-s2.0-85120713813,not_started
2-s2.0-85082943556,not_started
2-s2.0-85076239978,not_started
2-s2.0-85105545411,not_started
2-s2.0-85127320528,not_started
2-s2.0-85132955975,not_started
2-s2.0-85101121543,not_started
2-s2.0-85094979918,not_started
2-s2.0-85094636586,not_started
2-s2.0-85103127713,not_started
2-s2.0-85089263174,not_started
2-s2.0-85076611716,not_started
2-s2.0-85132603403,not_started
2-s2.0-85093946055,not_started
2-s2.0-85086749848,not_started
2-s2.0-85089581980,not_started
2-s2.0-85111672523,not_started
2-s2.0-85115189692,not_started
2-s2.0-85077629377,not_started
2-s2.0-85095842733,not_started
2-s2.0-85101084967,not_started
2-s2.0-85090426216,not_started
2-s2.0-85094959935,not_started
2-s2.0-85096407734,not_started
2-s2.0-85102884574,not_started
2-s2.0-85074533771,not_started
2-s2.0-85106459733,not_started
2-s2.0-85087117946,not_started
2-s2.0-85099145347,not_started
2-s2.0-85090294038,not_started
2-s2.0-85082446803,not_started
2-s2.0-85108153975,not_started
2-s2.0-85097446705,not_started
2-s2.0-85085924476,not_started
2-s2.0-85092690496,not_started
2-s2.0-85116587529,not_started
2-s2.0-85135040440,not_started
2-s2.0-85078890529,not_started
2-s2.0-85106894854,not_started
2-s2.0-85077166544,not_started
2-s2.0-85098128596,not_started
2-s2.0-85123051095,not_started
2-s2.0-85132195153,not_started
2-s2.0-85106509422,not_started
2-s2.0-85106241722,not_started
2-s2.0-85125126168,not_started
2-s2.0-85055865842,not_started
2-s2.0-85097583614,not_started
2-s2.0-85079889475,not_started
2-s2.0-85105965648,not_started
2-s2.0-85105723241,not_started
2-s2.0-85092141354,not_started
2-s2.0-85075396711,not_started
2-s2.0-85125627615,not_started
2-s2.0-85132199073,not_started
2-s2.0-85079627566,not_started
2-s2.0-85098849165,not_started
2-s2.0-85069901087,not_started
2-s2.0-85096749202,not_started
2-s2.0-85090539940,not_started
2-s2.0-85093516072,not_started
2-s2.0-85090183802,not_started
2-s2.0-85129325454,not_started
2-s2.0-85099217442,not_started
2-s2.0-85123824241,not_started
2-s2.0-85100618839,not_started
2-s2.0-85083544618,not_started
2-s2.0-85120373449,not_started
2-s2.0-85114817021,not_started
2-s2.0-85092893724,not_started
2-s2.0-85084424495,not_started
2-s2.0-85078754870,not_started
2-s2.0-85085764673,not_started
2-s2.0-85121983095,not_started
2-s2.0-85084540041,not_started
2-s2.0-85122105469,not_started
2-s2.0-85086242619,not_started
2-s2.0-85104744705,not_started
2-s2.0-85106923987,not_started
2-s2.0-85082574050,not_started
2-s2.0-85084706965,not_started
2-s2.0-85041200758,not_started
2-s2.0-85136700575,not_started
2-s2.0-85132586336,not_started
2-s2.0-85122373269,not_started
2-s2.0-85089522013,not_started
2-s2.0-85113477629,not_started
2-s2.0-85084134144,not_started
2-s2.0-85128816569,not_started
2-s2.0-85090082240,not_started
2-s2.0-85092451800,not_started
2-s2.0-85082300401,not_started
2-s2.0-85096456897,not_started
2-s2.0-85089731508,not_started
2-s2.0-85118952372,not_started
2-s2.0-85100304992,not_started
2-s2.0-85102233042,not_started
2-s2.0-85084286462,not_started
2-s2.0-85073764499,not_started
2-s2.0-85088654593,not_started
2-s2.0-85097268642,not_started
2-s2.0-85126146609,not_started
2-s2.0-85078927748,not_started
2-s2.0-85145911135,not_started
2-s2.0-85078264218,not_started
2-s2.0-85089244203,not_started
2-s2.0-85108850044,not_started
2-s2.0-85106457071,not_started
2-s2.0-85087331185,not_started
2-s2.0-85076911728,not_started
2-s2.0-85121733713,not_started
2-s2.0-85103407994,not_started
2-s2.0-85091000514,not_started
2-s2.0-85093872411,not_started
2-s2.0-85118596838,not_started
2-s2.0-85103437008,not_started
2-s2.0-85078304227,not_started
2-s2.0-85138458666,not_started
2-s2.0-85091989179,not_started
2-s2.0-85099179534,not_started
2-s2.0-85101616264,not_started
2-s2.0-85072524176,not_started
2-s2.0-85128312144,not_started
2-s2.0-85103339893,not_started
2-s2.0-85091590600,not_started
2-s2.0-85104987642,not_started
2-s2.0-85124598183,not_started
2-s2.0-85094220742,not_started
2-s2.0-85111949710,not_started
2-s2.0-85077144742,not_started
2-s2.0-85115395122,not_started
2-s2.0-85068792379,not_started
2-s2.0-85079352574,not_started
2-s2.0-85106514067,not_started
2-s2.0-85116739725,not_started
2-s2.0-85173613729,not_started
2-s2.0-85104912252,not_started
2-s2.0-85089617490,not_started
2-s2.0-85099837089,not_started
2-s2.0-85111729297,not_started
2-s2.0-85101461072,not_started
2-s2.0-85078794779,not_started
2-s2.0-85100731537,not_started
2-s2.0-85132746758,not_started
2-s2.0-85104357741,not_started
2-s2.0-85122514669,not_started
2-s2.0-85089458558,not_started
2-s2.0-85090907980,not_started
2-s2.0-85122143362,not_started
2-s2.0-85106473284,not_started
2-s2.0-85130615572,not_started
2-s2.0-85103777029,not_started
2-s2.0-85078339160,not_started
2-s2.0-85099969379,not_started
2-s2.0-85090856220,not_started
2-s2.0-85084695384,not_started
2-s2.0-85106247177,not_started
2-s2.0-85104826021,not_started
2-s2.0-85078387998,not_started
2-s2.0-85123632486,not_started
2-s2.0-85076620043,not_started
2-s2.0-85096742629,not_started
2-s2.0-85094638032,not_started
2-s2.0-85089289090,not_started
2-s2.0-85079347365,not_started
2-s2.0-85085249134,not_started
2-s2.0-85091095435,not_started
2-s2.0-85080985230,not_started
2-s2.0-85118701811,not_started
2-s2.0-85107576722,not_started
2-s2.0-85095549944,not_started
2-s2.0-85088149919,not_started
2-s2.0-85093876076,not_started
2-s2.0-85082645492,not_started
2-s2.0-85114924232,not_started
2-s2.0-85090120995,not_started
2-s2.0-85074222256,not_started
2-s2.0-85079093992,not_started
2-s2.0-85101459314,not_started
2-s2.0-85079351646,not_started
2-s2.0-85129567120,not_started
2-s2.0-85106449486,not_started
2-s2.0-85118306048,not_started
2-s2.0-85092397769,not_started
2-s2.0-85055156365,not_started
2-s2.0-85080121307,not_started
2-s2.0-85119918741,not_started
2-s2.0-85094837042,not_started
2-s2.0-85119267886,not_started
2-s2.0-85120649589,not_started
2-s2.0-85096610966,not_started
2-s2.0-85098479311,not_started
2-s2.0-85077663151,not_started
2-s2.0-85147308591,not_started
2-s2.0-85102310436,not_started
2-s2.0-85085155663,not_started
2-s2.0-85128281106,not_started
2-s2.0-85087811823,not_started
2-s2.0-85081332743,not_started
2-s2.0-85071536580,not_started
2-s2.0-85083800951,not_started
2-s2.0-85120874273,not_started
2-s2.0-85055679290,not_started
2-s2.0-85111951096,not_started
2-s2.0-85134588352,not_started
2-s2.0-85095779212,not_started
2-s2.0-85086499548,not_started
2-s2.0-85124271299,not_started
2-s2.0-85079643462,not_started
2-s2.0-85100599573,not_started
2-s2.0-85078678874,not_started
2-s2.0-85115367568,not_started
2-s2.0-85089343041,not_started
2-s2.0-85091905852,not_started
2-s2.0-85099752974,not_started
2-s2.0-85097751595,not_started
2-s2.0-85133879601,not_started
2-s2.0-85127787456,not_started
2-s2.0-85092592633,not_started
2-s2.0-85133683156,not_started
2-s2.0-85050964718,not_started
2-s2.0-85134746455,not_started
2-s2.0-85072751707,not_started
2-s2.0-85086573668,not_started
2-s2.0-85105196224,not_started
2-s2.0-85119017334,not_started
2-s2.0-85075256695,not_started
2-s2.0-85106068979,not_started
2-s2.0-85104704954,not_started
2-s2.0-85083026115,not_started
2-s2.0-85134817405,not_started
2-s2.0-85102913355,not_started
2-s2.0-85092483371,not_started
2-s2.0-85080101220,not_started
2-s2.0-85094811773,not_started
2-s2.0-85119334739,not_started
2-s2.0-85106178837,not_started
2-s2.0-85131038792,not_started
2-s2.0-85106468955,not_started
2-s2.0-85077091305,not_started
2-s2.0-85109201522,not_started
2-s2.0-85077501507,not_started
2-s2.0-85094630443,not_started
2-s2.0-85084448772,not_started
2-s2.0-85106760799,not_started
2-s2.0-85098799754,not_started
2-s2.0-85077757237,not_started
2-s2.0-85079864351,not_started
2-s2.0-85121703748,not_started
2-s2.0-85086414783,not_started
2-s2.0-85081979331,not_started
2-s2.0-85097010031,not_started
2-s2.0-85097164716,not_started
2-s2.0-85090764700,not_started
2-s2.0-85118509487,not_started
2-s2.0-85079460608,not_started
2-s2.0-85095711269,not_started
2-s2.0-85123358444,not_started
2-s2.0-85103145222,not_started
2-s2.0-85100404346,not_started
2-s2.0-85086748446,not_started
2-s2.0-85084651532,not_started
2-s2.0-85083004515,not_started
2-s2.0-85075195599,not_started
2-s2.0-85118783803,not_started
2-s2.0-85075459072,not_started
2-s2.0-85086634031,not_started
2-s2.0-85097271540,not_started
2-s2.0-85120062121,not_started
2-s2.0-85144615684,not_started
2-s2.0-85117716863,not_started
2-s2.0-85081289405,not_started
2-s2.0-85086748917,not_started
2-s2.0-85073060778,not_started
2-s2.0-85103883245,not_started
2-s2.0-85116360799,not_started
2-s2.0-85136849247,not_started
2-s2.0-85079850217,not_started
2-s2.0-85091712466,not_started
2-s2.0-85072605755,not_started
2-s2.0-85056732767,not_started
2-s2.0-85134694708,not_started
2-s2.0-85075446484,not_started
2-s2.0-85080995551,not_started
2-s2.0-85113351386,not_started
2-s2.0-85108430916,not_started
2-s2.0-85136069641,not_started
2-s2.0-85106499382,not_started
2-s2.0-85075330769,not_started
2-s2.0-85075385834,not_started
2-s2.0-85079287483,not_started
2-s2.0-85074432365,not_started
2-s2.0-85140237986,not_started
2-s2.0-85083266006,not_started
2-s2.0-85084950293,not_started
2-s2.0-85056323438,not_started
2-s2.0-85080085400,not_started
2-s2.0-85137753718,not_started
2-s2.0-85055191414,not_started
2-s2.0-85072022614,not_started
2-s2.0-85104950729,not_started
2-s2.0-85172915518,not_started
2-s2.0-85099153349,not_started
2-s2.0-85114140266,not_started
2-s2.0-85168440180,not_started
2-s2.0-85074852704,not_started
2-s2.0-85076542006,not_started
2-s2.0-85091339565,not_started
2-s2.0-85102848619,not_started
2-s2.0-85119335496,not_started
2-s2.0-85106715273,not_started
2-s2.0-85085038855,not_started
2-s2.0-85088106537,not_started
2-s2.0-85083770767,not_started
2-s2.0-85091190960,not_started
2-s2.0-85081718485,not_started
2-s2.0-85124524662,not_started
2-s2.0-85090180550,not_started
2-s2.0-85099778396,not_started
2-s2.0-85096182610,not_started
2-s2.0-85089908481,not_started
2-s2.0-85079637649,not_started
2-s2.0-85132844680,not_started
2-s2.0-85137168615,not_started
2-s2.0-85091798629,not_started
2-s2.0-85135235120,not_started
2-s2.0-85079268234,not_started
2-s2.0-85121286985,not_started
2-s2.0-85117384223,not_started
2-s2.0-85086262180,not_started
2-s2.0-85097849943,not_started
2-s2.0-85083197250,not_started
2-s2.0-85083276627,not_started
2-s2.0-85123681403,not_started
2-s2.0-85070794631,not_started
2-s2.0-85089663684,not_started
2-s2.0-85087761189,not_started
2-s2.0-85079870028,not_started
2-s2.0-85076554138,not_started
2-s2.0-85124207996,not_started
2-s2.0-85098992498,not_started
2-s2.0-85099921159,not_started
2-s2.0-85101541208,not_started
2-s2.0-85115711587,not_started
2-s2.0-85102252548,not_started
2-s2.0-85075124662,not_started
2-s2.0-85108792145,not_started
2-s2.0-85078708478,not_started
2-s2.0-85088102905,not_started
2-s2.0-85074516313,not_started
2-s2.0-85100504741,not_started
2-s2.0-85101492704,not_started
2-s2.0-85137216483,not_started
2-s2.0-85076552160,not_started
2-s2.0-85090225900,not_started
2-s2.0-85117410027,not_started
2-s2.0-85079075539,not_started
2-s2.0-85102649860,not_started
2-s2.0-85124699832,not_started
2-s2.0-85082698107,not_started
2-s2.0-85128454861,not_started
2-s2.0-85048497526,not_started
2-s2.0-85116866011,not_started
2-s2.0-85082493855,not_started
2-s2.0-85104151363,not_started
2-s2.0-85119367667,not_started
2-s2.0-85089078434,not_started
2-s2.0-85110816813,not_started
2-s2.0-85059703195,not_started
2-s2.0-85110591287,not_started
2-s2.0-85073537536,not_started
2-s2.0-85085605428,not_started
2-s2.0-85077507035,not_started
2-s2.0-85123172947,not_started
2-s2.0-85078825852,not_started
2-s2.0-85075722126,not_started
2-s2.0-85103770440,not_started
